{
  "designerVersion" : "1.10.12",
  "previousDesignerVersion" : "1.5.10",
  "id" : "customLivingApplicationMenuV4",
  "name" : "livingApplicationMenuV4",
  "lastUpdate" : 1570457745794,
  "template" : "@customLivingApplicationMenuV4.tpl.html",
  "controller" : "@customLivingApplicationMenuV4.ctrl.js",
  "description" : "LivingApplicationMenuV4 is an example of living application menu.",
  "custom" : true,
  "properties" : [
    {
      "label" : "URL targeted by the menu",
      "name" : "targetUrl",
      "type" : "text",
      "bond" : "variable"
    }
  ],
  "assets" : [
    {
      "id" : "b566d5f3-6ee0-4874-a0c6-a3ab37504f7c",
      "name" : "ui-bootstrap-tpls-0.13.0.min.js",
      "type" : "js",
      "order" : 1,
      "external" : false
    },
    {
      "id" : "44cb1989-1338-4d4c-9160-bb311e7dff6c",
      "name" : "config-html5.js",
      "type" : "js",
      "order" : 2,
      "external" : false
    }
  ],
  "requiredModules" : [
    "ui.bootstrap"
  ],
  "authRules" : [
    "GET|living/application",
    "GET|living/application-menu",
    "GET|living/application-page"
  ],
  "type" : "widget",
  "hasHelp" : false
}