{
  "designerVersion" : "1.10.18",
  "previousDesignerVersion" : "1.9.24",
  "id" : "LivingApplicationLayoutPageV5",
  "name" : "LivingApplicationLayoutPageV5",
  "lastUpdate" : 1570457745797,
  "rows" : [
    [
      {
        "type" : "container",
        "dimension" : {
          "xs" : 12,
          "sm" : 12,
          "md" : 12,
          "lg" : 12
        },
        "propertyValues" : {
          "cssClasses" : {
            "type" : "constant",
            "value" : "layout-header"
          },
          "hidden" : {
            "type" : "constant",
            "value" : false
          },
          "repeatedCollection" : {
            "type" : "variable",
            "value" : ""
          }
        },
        "reference" : "d1c46218-da53-49e1-ae50-3fb6a29babfb",
        "hasValidationError" : false,
        "id" : "pbContainer",
        "rows" : [
          [
            {
              "type" : "component",
              "dimension" : {
                "xs" : 12,
                "sm" : 12,
                "md" : 12,
                "lg" : 12
              },
              "propertyValues" : {
                "cssClasses" : {
                  "type" : "constant",
                  "value" : ""
                },
                "hidden" : {
                  "type" : "constant",
                  "value" : false
                },
                "targetUrl" : {
                  "type" : "variable",
                  "value" : "targetedPageUrl"
                }
              },
              "reference" : "c2aa46f2-6ae0-4da7-a13a-f3682fc88837",
              "hasValidationError" : false,
              "id" : "customLivingApplicationMenuV4"
            }
          ]
        ]
      }
    ],
    [
      {
        "type" : "container",
        "dimension" : {
          "xs" : 12,
          "sm" : 12,
          "md" : 12,
          "lg" : 12
        },
        "propertyValues" : {
          "cssClasses" : {
            "type" : "constant",
            "value" : "layout-content"
          },
          "hidden" : {
            "type" : "constant",
            "value" : false
          },
          "repeatedCollection" : {
            "type" : "variable",
            "value" : ""
          }
        },
        "reference" : "ecb4164e-24ec-4390-8b32-d761d58cd511",
        "hasValidationError" : false,
        "id" : "pbContainer",
        "rows" : [
          [
            {
              "type" : "component",
              "dimension" : {
                "xs" : 12,
                "sm" : 12,
                "md" : 12,
                "lg" : 12
              },
              "propertyValues" : {
                "cssClasses" : {
                  "type" : "constant",
                  "value" : ""
                },
                "hidden" : {
                  "type" : "constant",
                  "value" : false
                },
                "src" : {
                  "type" : "variable",
                  "value" : "targetedPageUrl"
                }
              },
              "reference" : "309b6fb7-52f7-4c77-b93c-a5d166464e6f",
              "hasValidationError" : false,
              "id" : "customLivingApplicationIFrameV4"
            }
          ]
        ]
      }
    ],
    [
      {
        "type" : "container",
        "dimension" : {
          "xs" : 12,
          "sm" : 12,
          "md" : 12,
          "lg" : 12
        },
        "propertyValues" : {
          "cssClasses" : {
            "type" : "constant",
            "value" : "layout-footer"
          },
          "hidden" : {
            "type" : "constant",
            "value" : false
          },
          "repeatedCollection" : {
            "type" : "variable",
            "value" : ""
          }
        },
        "reference" : "09fc4859-4d3e-4848-99e3-e88a18804e82",
        "hasValidationError" : false,
        "id" : "pbContainer",
        "rows" : [
          [ ]
        ]
      }
    ]
  ],
  "assets" : [
    {
      "id" : "2007621b-afa8-48ec-846f-f4d78ce90b8a",
      "name" : "layout.css",
      "type" : "css",
      "order" : 1,
      "external" : false
    },
    {
      "id" : "27b2007f-d336-4f20-b640-5810f7a8af54",
      "name" : "layout.js",
      "type" : "js",
      "order" : 0,
      "external" : false
    }
  ],
  "inactiveAssets" : [ ],
  "variables" : {
    "targetedPageUrl" : {
      "type" : "constant",
      "value" : [
        ""
      ],
      "exposed" : false
    }
  },
  "hasValidationError" : false,
  "uuid" : "7abe173e-e85d-41c8-825e-570d8e488609",
  "type" : "layout",
  "description" : "Page generated with Bonita UI designer",
  "displayName" : "LivingApplicationLayoutPageV5"
}